ID;Artikel;hl;Kategorie;hl2;Gruppe;Code;Anzahl;Neupreis;Mietpreis;BilderPath
1;Adapterkabel Td CEE16 in/out 3xCEE16/230 sz 1.0 m;01;Adapter;02;Adapterkabel Td;01-02-1;3;50.00;5.00;
2;Adapterkabel Td CEE16 in/out CEE32 sz 1.0 m;01;Adapter;02;Adapterkabel Td;01-02-2;1;50.00;10.00;
3;Adapterkabel Td CEE16 in/out CEE32 sz 2.0 m;01;Adapter;02;Adapterkabel Td;01-02-3;1;50.00;10.00;
4;Adapterkabel Td CEE16 in/out T13 3fach sz 1.0 m;01;Adapter;02;Adapterkabel Td;01-02-4;1;50.00;10.00;
5;Adapterkabel Td CEE16 in/out T13 3fach sz 2.0 m;01;Adapter;02;Adapterkabel Td;01-02-5;1;50.00;10.00;
6;Adapterkabel Td CEE32 in/out 2xCEE16 sz 1.0 m;01;Adapter;02;Adapterkabel Td;01-02-6;2;50.00;10.00;
7;Adapterkabel Td CEE32 in/out CEE63 sz 1.0 m;01;Adapter;02;Adapterkabel Td;01-02-7;1;50.00;10.00;
8;Adapterkabel Td CEE32 in/out sz 1.0 m;01;Adapter;02;Adapterkabel Td;01-02-8;1;50.00;10.00;
9;Adapterkabel Td T13 in/out CEE16/230 sz 1.0 m;01;Adapter;02;Adapterkabel Td;01-02-9;1;50.00;10.00;
10;Adapterkabel Td T13 in/out CEE16/230 sz 2.0 m;01;Adapter;02;Adapterkabel Td;01-02-10;2;50.00;10.00;
11;Adapterkabel Td T13 in/out CEE16/230 sz 5.0 m;01;Adapter;02;Adapterkabel Td;01-02-11;1;50.00;10.00;
12;Kupplung CEE125 827;01;Adapter;20;Kupplung;01-20-12;1;100.00;20.00;
13;Kupplung CEE16 230V 827;01;Adapter;20;Kupplung;01-20-13;4;10.00;2.00;
14;Kupplung CEE16 827;01;Adapter;20;Kupplung;01-20-14;3;10.00;2.00;
15;Kupplung CEE32 827;01;Adapter;20;Kupplung;01-20-15;12;20.00;4.00;
16;Kupplung CEE63 827;01;Adapter;20;Kupplung;01-20-16;2;50.00;10.00;
17;Schukkoadapter Apparate sz;01;Adapter;41;Schukkoadapter;01-41-17;2;10.00;2.00;
18;Schukkoadapter CH-Schuko sz 2.0 m;01;Adapter;41;Schukkoadapter;01-41-18;2;25.00;5.00;
19;Schukkoadapter CH-Schuko ws;01;Adapter;41;Schukkoadapter;01-41-19;67;10.00;2.00;
20;Schukkoadapter Schuko-CH ws;01;Adapter;41;Schukkoadapter;01-41-20;1;10.00;2.00;
21;Schukkoadapter Schuko-CH ws;01;Adapter;41;Schukkoadapter;01-41-21;4;10.00;2.00;
22;Schukkoadapter Schuko-CH ws 1.0 m;01;Adapter;41;Schukkoadapter;01-41-22;2;25.00;5.00;
23;Steckdose CEE125 827;01;Adapter;43;Steckdose;01-43-23;1;100.00;20.00;
24;Steckdose CEE16 827  - AP;01;Adapter;43;Steckdose;01-43-24;3;30.00;6.00;
25;Steckdose CEE16 827  - EB;01;Adapter;43;Steckdose;01-43-25;1;30.00;6.00;
26;Stecker CEE16 230V 827;01;Adapter;45;Stecker;01-45-26;14;10.00;2.00;
27;Stecker CEE16 827;01;Adapter;45;Stecker;01-45-27;6;10.00;2.00;
28;Stecker CEE32 827;01;Adapter;45;Stecker;01-45-28;6;20.00;4.00;
29;Stecker CEE63 827;01;Adapter;45;Stecker;01-45-29;3;50.00;10.00;
30;Stecker J15 827;01;Adapter;45;Stecker;01-45-30;4;10.00;2.00;
31;Worldadapter IT in/out T13 ws;01;Adapter;57;Worldadapter;01-57-31;1;10.00;2.00;
32;Worldadapter T26 in/out GB sz;01;Adapter;57;Worldadapter;01-57-32;1;10.00;2.00;
33;Worldadapter World in/out T13 sz;01;Adapter;57;Worldadapter;01-57-33;1;20.00;4.00;
34;PA komplett  sz  - MPA M.I.L.L.Y. 600W;02;Audio;35;PA komplett;02-35-34;1;500.00;50.00;
35;PA komplett  sz 2.0 m - Stativ 2m M.I.L.L.Y.;02;Audio;35;PA komplett;02-35-35;2;120.00;25.00;
36;Laptop  gr  - HP Luca;03;EDV;21;Laptop;03-21-36;1;500.00;50.00;
37;Laptop  gr  - HP Sergio;03;EDV;21;Laptop;03-21-37;1;500.00;50.00;
38;Tablet  sz  - IPad Air 64GB;03;EDV;48;Tablet;03-48-38;1;900.00;90.00;
39;Bauscheinwerfer 200-250W 830;04;Eventtechnik;03;Bauscheinwerfer;04-03-39;3;100.00;10.00;
40;Claim  mt  - 14,5x5cm;04;Eventtechnik;05;Claim;04-05-40;5;10.00;2.00;
41;Claim  sz  - 17,5x5cm;04;Eventtechnik;05;Claim;04-05-41;14;15.00;3.00;
42;Claim  sz  - 19x5cm;04;Eventtechnik;05;Claim;04-05-42;1;15.00;3.00;
43;Claim  sz  - 19x5cm;04;Eventtechnik;05;Claim;04-05-43;4;15.00;3.00;
44;Claim  sz  - Rohrschelle 50mm;04;Eventtechnik;05;Claim;04-05-44;1;15.00;3.00;
45;Effektgeräte  827  - Bubble-Fluid;04;Eventtechnik;06;Effektgeräte;04-06-45;1;-;-;
46;Effektgeräte  mt  - Discokugel klein;04;Eventtechnik;06;Effektgeräte;04-06-46;1;30.00;6.00;
47;Effektgeräte  sz 1.0 m - Moving Dots grün;04;Eventtechnik;06;Effektgeräte;04-06-47;1;30.00;6.00;
48;Effektgeräte  sz 1.0 m - Moving Dots grün;04;Eventtechnik;06;Effektgeräte;04-06-48;1;30.00;6.00;
49;Effektgeräte T13 sz  - Bubble-Machine;04;Eventtechnik;06;Effektgeräte;04-06-49;1;50.00;10.00;
50;Effektgeräte T13 sz 1.0 m - Strobo Luna Electronics;04;Eventtechnik;06;Effektgeräte;04-06-50;1;50.00;10.00;
51;Erdung  gr  - Kit in Raco Kiste mit Deckel;04;Eventtechnik;07;Erdung;04-07-51;1;300.00;30.00;
52;Halo PAR 100W 840;04;Eventtechnik;11;Halo PAR;04-11-52;26;100.00;10.00;
53;Halo Spot 100W gb;04;Eventtechnik;12;Halo Spot;04-12-53;1;25.00;5.00;
54;Halo Spot 200-250W 840;04;Eventtechnik;12;Halo Spot;04-12-54;9;100.00;10.00;
55;LED Bars 10-20W uv;04;Eventtechnik;22;LED Bars;04-22-55;4;250.00;-;
56;LED Bars 20-30W uv;04;Eventtechnik;22;LED Bars;04-22-56;6;300.00;-;
57;LED Bars 30-40W uv;04;Eventtechnik;22;LED Bars;04-22-57;11;300.00;-;
58;LED Spot 20-30W uv;04;Eventtechnik;23;LED Spot;04-23-58;8;300.00;-;
59;LED Spot 50-60W uv  - Gun;04;Eventtechnik;23;LED Spot;04-23-59;1;300.00;-;
60;LED Tube  gb/gn 3.0 m - Twin 1x gb /1x gn;04;Eventtechnik;24;LED Tube;04-24-60;1;40.00;8.00;
61;LED Tube  rt 4.0 m;04;Eventtechnik;24;LED Tube;04-24-61;1;20.00;5.00;
62;LED Tube  rt 4.0 m;04;Eventtechnik;24;LED Tube;04-24-62;1;20.00;5.00;
63;LED Tube  ws 1.0 m;04;Eventtechnik;24;LED Tube;04-24-63;1;10.00;2.50;
64;Nebelmaschine  827 2.0 m - Schlauch 100mm mit Ventilator;04;Eventtechnik;34;Nebelmaschine;04-34-64;1;20.00;4.00;
65;Nebelmaschine  sz;04;Eventtechnik;34;Nebelmaschine;04-34-65;1;300.00;30.00;
66;PL Spot 20-30W 840;04;Eventtechnik;37;PL Spot;04-37-66;5;100.00;10.00;
67;Safety  mt  - Schlaufe;04;Eventtechnik;39;Safety;04-39-67;8;8.00;2.00;
68;UV 600W sz  - Booster Natriumdampf;04;Eventtechnik;52;UV;04-52-68;1;150.00;15.00;
69;UV 600W sz  - Booster Natriumdampf;04;Eventtechnik;52;UV;04-52-69;2;150.00;15.00;
70;Bühnenbau  bl  - Teppich PVC;05;Infrastruktur;04;Bühnenbau;05-04-70;3;-;-;
71;Kletterseil  bl 50.0 m - Halb;05;Infrastruktur;18;Kletterseil;05-18-71;1;150.00;15.00;
72;Kletterseil  viol 50.0 m - Voll;05;Infrastruktur;18;Kletterseil;05-18-72;1;200.00;10.00;
73;Spannset  bl 10.0 m - Mittel;05;Infrastruktur;42;Spannset;05-42-73;2;20.00;4.00;
74;Spannset  br 10.0 m - Mittel;05;Infrastruktur;42;Spannset;05-42-74;1;20.00;4.00;
75;Spannset  gb 10.0 m - Mittel;05;Infrastruktur;42;Spannset;05-42-75;1;20.00;4.00;
76;Spannset  gb 5.0 m - Mittel;05;Infrastruktur;42;Spannset;05-42-76;1;20.00;4.00;
77;Spannset  or 10.0 m - Mittel;05;Infrastruktur;42;Spannset;05-42-77;1;20.00;4.00;
78;Spannset  or 5.0 m - Gross;05;Infrastruktur;42;Spannset;05-42-78;2;30.00;6.00;
79;Spannset  or 6.0 m - Klein;05;Infrastruktur;42;Spannset;05-42-79;8;10.00;2.00;
80;Spannset  rt 10.0 m - Mittel;05;Infrastruktur;42;Spannset;05-42-80;1;20.00;4.00;
81;Spannset  sz 5.0 m - Mittel;05;Infrastruktur;42;Spannset;05-42-81;1;20.00;4.00;
82;Spannset  ws 10.0 m - Mittel;05;Infrastruktur;42;Spannset;05-42-82;1;20.00;4.00;
83;Spannset  ws 6.0 m - Klein;05;Infrastruktur;42;Spannset;05-42-83;1;10.00;2.00;
84;Spannset mit Haken gn 10.0 m - Mittel;05;Infrastruktur;42;Spannset;05-42-84;3;20.00;4.00;
85;Spannset mit Haken or 10.0 m - Mittel;05;Infrastruktur;42;Spannset;05-42-85;1;20.00;4.00;
86;Spannset mit Haken sz 10.0 m - Mittel;05;Infrastruktur;42;Spannset;05-42-86;1;20.00;4.00;
87;Spannset Ohne Rätsche gb 10.0 m - Mittel;05;Infrastruktur;42;Spannset;05-42-87;1;10.00;2.00;
88;Spannset Ohne Rätsche ws 10.0 m - Mittel;05;Infrastruktur;42;Spannset;05-42-88;1;10.00;2.00;
89;Spannset Rätsche mit Haken gn 10.0 m - Mittel;05;Infrastruktur;42;Spannset;05-42-89;2;10.00;2.00;
90;Spannset Rätsche mit Haken or 10.0 m - Mittel;05;Infrastruktur;42;Spannset;05-42-90;1;10.00;2.00;
91;Spannset Rätsche mit Haken or 5.0 m - Gross;05;Infrastruktur;42;Spannset;05-42-91;1;20.00;4.00;
92;Spannset Rätsche mit Haken sz 10.0 m - Mittel;05;Infrastruktur;42;Spannset;05-42-92;1;10.00;2.00;
93;Spannset Rätsche mit Haken sz 5.0 m - Gross;05;Infrastruktur;42;Spannset;05-42-93;1;20.00;4.00;
94;Spannset Rätsche mit Haken ws 5.0 m - Gross;05;Infrastruktur;42;Spannset;05-42-94;1;20.00;4.00;
95;Stromversorgung/Tänke  gn  - Füllstutzen Für Kanister 20L;05;Infrastruktur;46;Stromversorgung/Tänke;05-46-95;2;10.00;1.00;
96;Stromversorgung/Tänke  gn  - Kanister 20L Benzin;05;Infrastruktur;46;Stromversorgung/Tänke;05-46-96;1;25.00;5.00;
97;Stromversorgung/Tänke  mt  - Schraubenschlüssel für Geni;05;Infrastruktur;46;Stromversorgung/Tänke;05-46-97;1;10.00;1.00;
98;Stromversorgung/Tänke  rt  - Kanister 10L 2Takt;05;Infrastruktur;46;Stromversorgung/Tänke;05-46-98;1;10.00;2.00;
99;Stromversorgung/Tänke  sz  - Kanister 10L 2Takt;05;Infrastruktur;46;Stromversorgung/Tänke;05-46-99;1;10.00;2.00;
100;Stromversorgung/Tänke  ws  - Handpumpe für Diesel;05;Infrastruktur;46;Stromversorgung/Tänke;05-46-100;1;10.00;1.00;
101;Stromversorgung/Tänke  ws  - Kanister 10L Petrol;05;Infrastruktur;46;Stromversorgung/Tänke;05-46-101;1;10.00;2.00;
102;Stromversorgung/Tänke 850W bl  - Geni Einhell;05;Infrastruktur;46;Stromversorgung/Tänke;05-46-102;1;250.00;50.00;
103;Stromversorgung/Tänke T13 sz  - Batteriladegerät 12V;05;Infrastruktur;46;Stromversorgung/Tänke;05-46-103;2;50.00;5.00;
104;Tau  gr 1.0 m - ohne Haken;05;Infrastruktur;49;Tau;05-49-104;1;10.00;1.00;
105;Tau  gr 15.0 m - mit Haken;05;Infrastruktur;49;Tau;05-49-105;3;200.00;20.00;
106;Tau  gr 15.0 m - ohne Haken;05;Infrastruktur;49;Tau;05-49-106;1;100.00;10.00;
107;Zeltbau  br  - Sonnensegel 3-Eck, 4,7m Kantenlänge;05;Infrastruktur;58;Zeltbau;05-58-107;1;-;-;
108;Zeltbau  gn  - Blache PVC 2x3m;05;Infrastruktur;58;Zeltbau;05-58-108;6;-;-;
109;Zeltbau  gn  - Blache PVC 4,7x5,7m;05;Infrastruktur;58;Zeltbau;05-58-109;2;-;-;
110;Zeltbau  gn  - Blache PVC 4x5,7m;05;Infrastruktur;58;Zeltbau;05-58-110;1;-;-;
111;Zeltbau  gn  - Blachensack PVC;05;Infrastruktur;58;Zeltbau;05-58-111;1;-;-;
112;Zeltbau  gr  - Blache PVC 2x3m;05;Infrastruktur;58;Zeltbau;05-58-112;1;-;-;
113;Zeltbau  sz  - Blache PVC 2x1.6m;05;Infrastruktur;58;Zeltbau;05-58-113;1;-;-;
114;Zeltbau  sz  - Blache PVC 2x1.8m;05;Infrastruktur;58;Zeltbau;05-58-114;1;-;-;
115;Zeltbau  sz  - Blache PVC 3,3x6,6m;05;Infrastruktur;58;Zeltbau;05-58-115;1;-;-;
116;Zeltbau  ws  - Pavillon Seitenwand mit Fenster;05;Infrastruktur;58;Zeltbau;05-58-116;1;-;-;
117;Kabel PUR  or 2.0 m - 5x35mm2;06;Kabel;14;Kabel PUR;06-14-117;1;50.00;10.00;
118;Kabel PUR  or 3.0 m - 5x25mm2;06;Kabel;14;Kabel PUR;06-14-118;1;80.00;8.00;
119;Kabel PUR  or 3.0 m - 5x95mm2;06;Kabel;14;Kabel PUR;06-14-119;1;80.00;8.00;
120;Kabelrolle Td T13 4fach br 25.0 m;06;Kabel;15;Kabelrolle Td;06-15-120;1;30.00;6.00;
121;Kabelrolle Td T13 4fach gb 25.0 m;06;Kabel;15;Kabelrolle Td;06-15-121;1;30.00;6.00;
122;Kabelrolle Td T13 4fach rt 25.0 m;06;Kabel;15;Kabelrolle Td;06-15-122;3;65.00;6.50;
123;Kabelrolle Td T13 4fach rt 25.0 m;06;Kabel;15;Kabelrolle Td;06-15-123;3;65.00;6.50;
124;Kabelrolle Td T13 4fach rt 35.0 m;06;Kabel;15;Kabelrolle Td;06-15-124;1;40.00;8.00;
125;Kabelrolle Td T13 4fach rt 50.0 m;06;Kabel;15;Kabelrolle Td;06-15-125;6;100.00;10.00;
126;Kabelrolle Td T13 4fach rt 50.0 m;06;Kabel;15;Kabelrolle Td;06-15-126;1;100.00;10.00;
127;Kabelrolle Td T13 4fach sz 10.0 m;06;Kabel;15;Kabelrolle Td;06-15-127;4;15.00;3.00;
128;Kabelrolle Td T13 4fach sz 10.0 m;06;Kabel;15;Kabelrolle Td;06-15-128;1;15.00;3.00;
129;Kabelrolle Td T13 4fach sz 25.0 m;06;Kabel;15;Kabelrolle Td;06-15-129;5;30.00;6.00;
130;Kabelrolle Td T13 4fach sz 35.0 m;06;Kabel;15;Kabelrolle Td;06-15-130;1;40.00;8.00;
131;Kabelrolle Td T13 4fach sz 50.0 m;06;Kabel;15;Kabelrolle Td;06-15-131;5;50.00;10.00;
132;Kabelrolle Td T13 4fach ws 10.0 m;06;Kabel;15;Kabelrolle Td;06-15-132;4;25.00;2.50;
133;Kabelrolle Td T13 or 50.0 m;06;Kabel;15;Kabelrolle Td;06-15-133;1;50.00;10.00;
134;Kabelrolle Td T13 sz 35.0 m;06;Kabel;15;Kabelrolle Td;06-15-134;1;40.00;8.00;
135;Verlängerungskabel Gd  sz  - Speakon gross;06;Kabel;53;Verlängerungskabel Gd;06-53-135;2;100.00;10.00;
136;Verlängerungskabel Gd  sz  - Speakon klein;06;Kabel;53;Verlängerungskabel Gd;06-53-136;2;100.00;10.00;
137;Verlängerungskabel Gd CEE125 sz 30.0 m;06;Kabel;53;Verlängerungskabel Gd;06-53-137;2;500.00;-;
138;Verlängerungskabel Gd CEE125 sz 85.0 m;06;Kabel;53;Verlängerungskabel Gd;06-53-138;1;1000.00;-;
139;Verlängerungskabel Gd CEE125 sz 85.0 m;06;Kabel;53;Verlängerungskabel Gd;06-53-139;1;1000.00;-;
140;Verlängerungskabel Gd CEE32 sz 10.0 m;06;Kabel;53;Verlängerungskabel Gd;06-53-140;1;60.00;15.00;
141;Verlängerungskabel Gd CEE63 sz 5.0 m;06;Kabel;53;Verlängerungskabel Gd;06-53-141;1;200.00;20.00;
142;Verlängerungskabel PUR CEE16 230V or 7.0 m;06;Kabel;54;Verlängerungskabel PUR;06-54-142;1;-;-;
143;Verlängerungskabel PUR CEE16 or 10.0 m;06;Kabel;54;Verlängerungskabel PUR;06-54-143;2;40.00;8.00;
144;Verlängerungskabel PUR CEE16 or 15.0 m;06;Kabel;54;Verlängerungskabel PUR;06-54-144;3;50.00;10.00;
145;Verlängerungskabel PUR CEE16 or 5.0 m;06;Kabel;54;Verlängerungskabel PUR;06-54-145;2;30.00;6.00;
146;Verlängerungskabel PUR CEE32 or 10.0 m;06;Kabel;54;Verlängerungskabel PUR;06-54-146;1;70.00;15.00;
147;Verlängerungskabel PUR CEE32 or 100.0 m - mit 2 blauen Spannset;06;Kabel;54;Verlängerungskabel PUR;06-54-147;2;-;-;
148;Verlängerungskabel PUR CEE32 or 25.0 m;06;Kabel;54;Verlängerungskabel PUR;06-54-148;6;-;-;
149;Verlängerungskabel PUR CEE32 or 40.0 m;06;Kabel;54;Verlängerungskabel PUR;06-54-149;2;250.00;25.00;
150;Verlängerungskabel PUR CEE32 or 40.0 m;06;Kabel;54;Verlängerungskabel PUR;06-54-150;1;250.00;25.00;
151;Verlängerungskabel PUR CEE32 or 40.0 m;06;Kabel;54;Verlängerungskabel PUR;06-54-151;1;250.00;25.00;
152;Verlängerungskabel PUR CEE32 or 40.0 m;06;Kabel;54;Verlängerungskabel PUR;06-54-152;1;250.00;25.00;
153;Verlängerungskabel PUR CEE32 or 45.0 m;06;Kabel;54;Verlängerungskabel PUR;06-54-153;1;250.00;25.00;
154;Verlängerungskabel PUR CEE32 or 50.0 m;06;Kabel;54;Verlängerungskabel PUR;06-54-154;1;-;-;
155;Verlängerungskabel PUR CEE32 or 50.0 m - mit 1 Blauen Spannset;06;Kabel;54;Verlängerungskabel PUR;06-54-155;2;-;-;
156;Verlängerungskabel PUR CEE63 or 25.0 m;06;Kabel;54;Verlängerungskabel PUR;06-54-156;8;-;-;
157;Verlängerungskabel PUR T13 or 0.3 m;06;Kabel;54;Verlängerungskabel PUR;06-54-157;5;-;-;
158;Verlängerungskabel PUR T13 or 10.0 m;06;Kabel;54;Verlängerungskabel PUR;06-54-158;2;50.00;-;
159;Verlängerungskabel PUR T13 or 10.0 m;06;Kabel;54;Verlängerungskabel PUR;06-54-159;12;15.00;3.00;
160;Verlängerungskabel PUR T13 or 10.0 m;06;Kabel;54;Verlängerungskabel PUR;06-54-160;1;50.00;-;
161;Verlängerungskabel PUR T13 or 15.0 m;06;Kabel;54;Verlängerungskabel PUR;06-54-161;2;20.00;4.00;
162;Verlängerungskabel PUR T13 or 15.0 m;06;Kabel;54;Verlängerungskabel PUR;06-54-162;7;20.00;4.00;
163;Verlängerungskabel PUR T13 or 2.0 m;06;Kabel;54;Verlängerungskabel PUR;06-54-163;1;-;-;
164;Verlängerungskabel PUR T13 or 2.0 m;06;Kabel;54;Verlängerungskabel PUR;06-54-164;1;-;-;
165;Verlängerungskabel PUR T13 or 20.0 m;06;Kabel;54;Verlängerungskabel PUR;06-54-165;2;25.00;5.00;
166;Verlängerungskabel PUR T13 or 20.0 m;06;Kabel;54;Verlängerungskabel PUR;06-54-166;2;-;-;
167;Verlängerungskabel PUR T13 or 25.0 m;06;Kabel;54;Verlängerungskabel PUR;06-54-167;2;30.00;6.00;
168;Verlängerungskabel PUR T13 or 30.0 m;06;Kabel;54;Verlängerungskabel PUR;06-54-168;1;35.00;7.00;
169;Verlängerungskabel PUR T13 or 5.0 m;06;Kabel;54;Verlängerungskabel PUR;06-54-169;3;10.00;2.00;
170;Verlängerungskabel PUR T13 or 5.0 m;06;Kabel;54;Verlängerungskabel PUR;06-54-170;3;10.00;2.00;
171;Verlängerungskabel PUR T15 or 10.0 m;06;Kabel;54;Verlängerungskabel PUR;06-54-171;1;25.00;5.00;
172;Verlängerungskabel PUR T23 or 18.0 m;06;Kabel;54;Verlängerungskabel PUR;06-54-172;1;-;-;
173;Verlängerungskabel Td  sz 5.0 m;06;Kabel;55;Verlängerungskabel Td;06-55-173;1;12.00;2.40;
174;Verlängerungskabel Td CEE16 gr 20.0 m;06;Kabel;55;Verlängerungskabel Td;06-55-174;1;30.00;6.00;
175;Verlängerungskabel Td Schuko gn 1.0 m;06;Kabel;55;Verlängerungskabel Td;06-55-175;1;11.00;2.00;
176;Verlängerungskabel Td Schuko or 20.0 m;06;Kabel;55;Verlängerungskabel Td;06-55-176;1;30.00;6.00;
177;Verlängerungskabel Td Schuko or 25.0 m;06;Kabel;55;Verlängerungskabel Td;06-55-177;1;35.00;7.00;
178;Verlängerungskabel Td T13 sz 1.0 m;06;Kabel;55;Verlängerungskabel Td;06-55-178;10;6.00;1.00;
179;Verlängerungskabel Td T13 sz 10.0 m;06;Kabel;55;Verlängerungskabel Td;06-55-179;1;15.00;3.00;
180;Verlängerungskabel Td T13 sz 10.0 m;06;Kabel;55;Verlängerungskabel Td;06-55-180;7;15.00;3.00;
181;Verlängerungskabel Td T13 sz 10.0 m;06;Kabel;55;Verlängerungskabel Td;06-55-181;1;15.00;3.00;
182;Verlängerungskabel Td T13 sz 2.0 m;06;Kabel;55;Verlängerungskabel Td;06-55-182;13;7.00;1.20;
183;Verlängerungskabel Td T13 sz 20.0 m;06;Kabel;55;Verlängerungskabel Td;06-55-183;2;25.00;5.00;
184;Verlängerungskabel Td T13 sz 20.0 m;06;Kabel;55;Verlängerungskabel Td;06-55-184;1;25.00;5.00;
185;Verlängerungskabel Td T13 sz 25.0 m;06;Kabel;55;Verlängerungskabel Td;06-55-185;2;30.00;6.00;
186;Verlängerungskabel Td T13 sz 3.0 m;06;Kabel;55;Verlängerungskabel Td;06-55-186;29;8.00;1.50;
187;Verlängerungskabel Td T13 sz 3.0 m;06;Kabel;55;Verlängerungskabel Td;06-55-187;1;8.00;1.50;
188;Verlängerungskabel Td T13 sz 3.0 m;06;Kabel;55;Verlängerungskabel Td;06-55-188;3;8.00;1.50;
189;Verlängerungskabel Td T13 sz 40.0 m;06;Kabel;55;Verlängerungskabel Td;06-55-189;1;45.00;9.00;
190;Verlängerungskabel Td T13 sz 5.0 m;06;Kabel;55;Verlängerungskabel Td;06-55-190;1;10.00;2.00;
191;Verlängerungskabel Td T13 sz 5.0 m;06;Kabel;55;Verlängerungskabel Td;06-55-191;10;10.00;2.00;
192;Verlängerungskabel Td T13 sz 5.0 m;06;Kabel;55;Verlängerungskabel Td;06-55-192;30;10.00;2.00;
193;Verlängerungskabel Td T13 ws 1.0 m;06;Kabel;55;Verlängerungskabel Td;06-55-193;2;3.00;1.00;
194;Verlängerungskabel Td T13 ws 10.0 m;06;Kabel;55;Verlängerungskabel Td;06-55-194;40;25.00;2.50;
195;Verlängerungskabel Td T13 ws 2.0 m;06;Kabel;55;Verlängerungskabel Td;06-55-195;1;8.00;1.50;
196;Verlängerungskabel Td T13 ws 3.0 m;06;Kabel;55;Verlängerungskabel Td;06-55-196;20;8.00;1.50;
197;Verlängerungskabel Td T13 ws 5.0 m;06;Kabel;55;Verlängerungskabel Td;06-55-197;2;10.00;2.00;
198;Verlängerungskabel Td T13 ws 5.0 m;06;Kabel;55;Verlängerungskabel Td;06-55-198;38;10.00;2.00;
199;Verlängerungskabel Td T15 sz 5.0 m;06;Kabel;55;Verlängerungskabel Td;06-55-199;1;12.00;2.40;
200;Verlängerungskabel Td T15 sz 5.0 m;06;Kabel;55;Verlängerungskabel Td;06-55-200;4;12.00;2.40;
201;Verlängerungskabel XLR  sz 1.0 m;06;Kabel;56;Verlängerungskabel XLR;06-56-201;11;10.00;2.00;
202;Verlängerungskabel XLR  sz 1.0 m;06;Kabel;56;Verlängerungskabel XLR;06-56-202;10;10.00;2.00;
203;Verlängerungskabel XLR  sz 10.0 m;06;Kabel;56;Verlängerungskabel XLR;06-56-203;1;50.00;10.00;
204;Verlängerungskabel XLR  sz 10.0 m;06;Kabel;56;Verlängerungskabel XLR;06-56-204;6;50.00;10.00;
205;Verlängerungskabel XLR  sz 15.0 m;06;Kabel;56;Verlängerungskabel XLR;06-56-205;1;75.00;15.00;
206;Verlängerungskabel XLR  sz 20.0 m;06;Kabel;56;Verlängerungskabel XLR;06-56-206;3;100.00;20.00;
207;Verlängerungskabel XLR  sz 3.0 m;06;Kabel;56;Verlängerungskabel XLR;06-56-207;3;15.00;3.00;
208;Verlängerungskabel XLR  sz 5.0 m;06;Kabel;56;Verlängerungskabel XLR;06-56-208;3;25.00;5.00;
209;Verlängerungskabel XLR  sz 8.0 m;06;Kabel;56;Verlängerungskabel XLR;06-56-209;1;40.00;8.00;
210;Fluchtwegleuchten  ws  - Schachtel mit Piktogrammen;07;Licht;08;Fluchtwegleuchten;07-08-210;2;-;-;
211;Fluchtwegleuchten T13 ws 0.5 m - mit Piktogramm;07;Licht;08;Fluchtwegleuchten;07-08-211;4;100.00;10.00;
212;Fluchtwegleuchten T13 ws 0.5 m - mit Piktogramm;07;Licht;08;Fluchtwegleuchten;07-08-212;4;100.00;10.00;
213;Girlande E27 T13 Ein/Aus sz 10.0 m;07;Licht;09;Girlande E27;07-09-213;5;50.00;10.00;
214;Girlande E27 T13 Ein/Aus sz 15.0 m;07;Licht;09;Girlande E27;07-09-214;6;75.00;15.00;
215;Girlande E27 T13 Ein/Aus sz 20.0 m;07;Licht;09;Girlande E27;07-09-215;1;100.00;20.00;
216;Girlande E27 T13 Ein/Aus sz 5.0 m;07;Licht;09;Girlande E27;07-09-216;6;25.00;5.00;
217;Leuchtmittel E27  farbig;07;Licht;25;Leuchtmittel E27;07-25-217;37;3.00;1.00;
218;Leuchtmittel E27  rgby  - Osram Deco 11W;07;Licht;25;Leuchtmittel E27;07-25-218;24;5.00;1.00;
219;Leuchtmittel E27  uv;07;Licht;25;Leuchtmittel E27;07-25-219;1;3.00;1.00;
220;Leuchtmittel E27 LED 0-10W bl;07;Licht;26;Leuchtmittel E27 LED;07-26-220;20;4.50;1.00;
221;Leuchtmittel E27 LED 0-10W gb;07;Licht;26;Leuchtmittel E27 LED;07-26-221;39;4.50;1.00;
222;Leuchtmittel E27 LED 0-10W gn;07;Licht;26;Leuchtmittel E27 LED;07-26-222;20;4.50;1.00;
223;Leuchtmittel E27 LED 0-10W rt;07;Licht;26;Leuchtmittel E27 LED;07-26-223;20;4.50;1.00;
224;Leuchtmittel FL 36W   827;07;Licht;27;Leuchtmittel FL 36W;07-27-224;18;10.00;2.00;
225;Leuchtmittel FL 36W   gb;07;Licht;27;Leuchtmittel FL 36W;07-27-225;2;4.50;1.00;
226;Leuchtmittel FL 36W   rgb  - Farbig;07;Licht;27;Leuchtmittel FL 36W;07-27-226;20;20.00;4.00;
227;Leuchtmittel FL 36W   uv;07;Licht;27;Leuchtmittel FL 36W;07-27-227;30;30.00;6.00;
228;Leuchtmittel FL 36W   uv;07;Licht;27;Leuchtmittel FL 36W;07-27-228;6;30.00;6.00;
229;Leuchtmittel FL 36W   uv;07;Licht;27;Leuchtmittel FL 36W;07-27-229;4;30.00;6.00;
230;Leuchtmittel FL 40W   840;07;Licht;28;Leuchtmittel FL 40W;07-28-230;2;15.00;3.00;
231;Leuchtmittel FL 40W   rt;07;Licht;28;Leuchtmittel FL 40W;07-28-231;2;20.00;4.00;
232;Leuchtmittel FL 58W  827;07;Licht;29;Leuchtmittel FL 58W;07-29-232;21;15.00;3.00;
233;Nassleuchte FL 36W T13 Ein/Aus ws;07;Licht;32;Nassleuchte FL 36W;07-32-233;5;100.00;20.00;
234;Nassleuchte FL 36W T13 ws;07;Licht;32;Nassleuchte FL 36W;07-32-234;12;100.00;20.00;
235;Nassleuchte FL 58W T13 Ein/Aus gr 1.0 m;07;Licht;33;Nassleuchte FL 58W;07-33-235;23;100.00;20.00;
236;Scheinwerfer RS7 T13 sz 0.5 m - rund;07;Licht;40;Scheinwerfer RS7;07-40-236;32;50.00;5.00;
237;Scheinwerfer RS7 T13 sz 1.0 m;07;Licht;40;Scheinwerfer RS7;07-40-237;1;50.00;10.00;
238;Tockenleuchte FL 36W T13 Ein/Aus ws 1.0 m;07;Licht;50;Tockenleuchte FL 36W;07-50-238;7;106.00;21.00;
239;Tockenleuchte FL 36W T13 ws 1.0 m;07;Licht;50;Tockenleuchte FL 36W;07-50-239;3;106.00;21.00;
240;Trockenleuchte FL 58W T13 Ein/Aus ws 1.0 m;07;Licht;51;Trockenleuchte FL 58W;07-51-240;1;106.00;21.00;
241;Kisten  827  - Spezialwerkzeug 2 (57x32x28cm);08;Logistik;16;Kisten;08-16-241;2;-;-;
242;Kisten  gb  - Post Reserve Ersatzleuchtmittel;08;Logistik;16;Kisten;08-16-242;1;50.00;-;
243;Kisten  gn  - IFCO;08;Logistik;16;Kisten;08-16-243;2;50.00;-;
244;Kisten  gr  - Gitter mit Wolldecken;08;Logistik;16;Kisten;08-16-244;1;50.00;-;
245;Kisten  gr  - Körli Coop;08;Logistik;16;Kisten;08-16-245;1;50.00;-;
246;Kisten  gr  - Raco 60x40x40;08;Logistik;16;Kisten;08-16-246;1;50.00;5.00;
247;Kisten  gr  - Raco Asrael mit Deckel;08;Logistik;16;Kisten;08-16-247;3;-;-;
248;Kisten  gr  - Raco flach mit Deckel;08;Logistik;16;Kisten;08-16-248;1;50.00;-;
249;Kisten  gr  - Raco klein mit Deckel;08;Logistik;16;Kisten;08-16-249;2;50.00;-;
250;Kisten  gr  - Raco mit Deckel;08;Logistik;16;Kisten;08-16-250;1;50.00;-;
251;Kisten  gr  - Raco mit Deckel;08;Logistik;16;Kisten;08-16-251;8;50.00;-;
252;Kisten  gr  - Raco Spannset;08;Logistik;16;Kisten;08-16-252;1;50.00;-;
253;Kisten  gr  - Spezialwerkzeug 1 (60x30x32cm);08;Logistik;16;Kisten;08-16-253;1;-;-;
254;Kisten  rt  - Gitter mit Wolldecken;08;Logistik;16;Kisten;08-16-254;1;50.00;-;
255;Kisten Post Deckel gr  - 60x40;08;Logistik;16;Kisten;08-16-255;1;10.00;2.00;
256;Kisten Post Deckel gr  - 60x40;08;Logistik;16;Kisten;08-16-256;2;10.00;2.00;
257;Kisten Post Deckel gr  - 60x40;08;Logistik;16;Kisten;08-16-257;8;10.00;2.00;
258;Kisten Post gr  - 50x29x22;08;Logistik;16;Kisten;08-16-258;1;-;-;
259;Kisten Post gr  - 50x29x22;08;Logistik;16;Kisten;08-16-259;1;-;-;
260;Kisten Post gr  - 60x40x30;08;Logistik;16;Kisten;08-16-260;10;40.00;8.00;
261;Kisten Post gr  - 60x40x30;08;Logistik;16;Kisten;08-16-261;5;40.00;8.00;
262;Kisten Post gr  - 60x40x30;08;Logistik;16;Kisten;08-16-262;1;40.00;8.00;
263;Kisten Post gr  - 60x40x30;08;Logistik;16;Kisten;08-16-263;1;40.00;8.00;
264;Kisten Post gr  - 60x40x30;08;Logistik;16;Kisten;08-16-264;2;40.00;8.00;
265;Kisten Raco bl  - 40x30x34;08;Logistik;16;Kisten;08-16-265;1;15.00;3.00;
266;Kisten Raco Deckel bl  - 40x30;08;Logistik;16;Kisten;08-16-266;1;5.00;1.00;
267;Kisten Raco Deckel gr  - 60x40;08;Logistik;16;Kisten;08-16-267;1;10.00;2.00;
268;Kisten Raco gn;08;Logistik;16;Kisten;08-16-268;1;30.00;6.00;
269;Kisten Raco gn;08;Logistik;16;Kisten;08-16-269;1;30.00;6.00;
270;Kisten Raco gr  - 30x40x12;08;Logistik;16;Kisten;08-16-270;1;30.00;6.00;
271;Kisten Raco gr  - 40x30x34;08;Logistik;16;Kisten;08-16-271;1;30.00;6.00;
272;Kisten Raco gr  - 40x35x10;08;Logistik;16;Kisten;08-16-272;1;10.00;2.00;
273;Kisten Raco gr  - 60x40x34;08;Logistik;16;Kisten;08-16-273;4;30.00;6.00;
274;Kisten Raco gr  - Gitter;08;Logistik;16;Kisten;08-16-274;3;30.00;6.00;
275;Kisten Raco gr  - Gitter;08;Logistik;16;Kisten;08-16-275;1;30.00;6.00;
276;Kisten Raco gr  - Gitter;08;Logistik;16;Kisten;08-16-276;3;30.00;6.00;
277;Kisten Raco gr  - Gitter;08;Logistik;16;Kisten;08-16-277;1;30.00;6.00;
278;Kisten Raco rt  - Gitter;08;Logistik;16;Kisten;08-16-278;1;50.00;-;
279;Kisten Raco rt  - Gitter;08;Logistik;16;Kisten;08-16-279;2;50.00;-;
280;Koffer  br  - Alu 45x35x18cm;08;Logistik;19;Koffer;08-19-280;1;40.00;4.00;
281;Koffer  gr  - Holz mit Trageriemen;08;Logistik;19;Koffer;08-19-281;1;50.00;-;
282;Koffer  mt  - Alu 33x46x18;08;Logistik;19;Koffer;08-19-282;1;-;-;
283;Koffer  mt  - Alu 60x42x33cm;08;Logistik;19;Koffer;08-19-283;1;40.00;4.00;
284;Koffer  mt  - Alu mit Stecker/Kupplungen;08;Logistik;19;Koffer;08-19-284;1;50.00;-;
285;Koffer T13 5fach mt  - Fluchtwegleuchten;08;Logistik;19;Koffer;08-19-285;1;80.00;8.00;
286;Palletten  sz  - TransFlex;08;Logistik;36;Palletten;08-36-286;2;-;-;
287;Palletten  sz  - TransFlex Trennwände;08;Logistik;36;Palletten;08-36-287;2;-;-;
288;Palletten Deckel hz  - 80x120;08;Logistik;36;Palletten;08-36-288;1;15.00;3.00;
289;Palletten Deckel hz  - 80x120;08;Logistik;36;Palletten;08-36-289;1;15.00;3.00;
290;Palletten Deckel hz  - 80x120;08;Logistik;36;Palletten;08-36-290;1;15.00;3.00;
291;Palletten Deckel hz  - 80x120;08;Logistik;36;Palletten;08-36-291;3;15.00;3.00;
292;Palletten Deckel hz  - 80x120;08;Logistik;36;Palletten;08-36-292;1;15.00;3.00;
293;Palletten Deckel hz  - 80x120;08;Logistik;36;Palletten;08-36-293;1;15.00;3.00;
294;Palletten Deckel hz  - 80x120;08;Logistik;36;Palletten;08-36-294;16;15.00;3.00;
295;Palletten EPAL hz  - 80x120x10;08;Logistik;36;Palletten;08-36-295;1;30.00;6.00;
296;Palletten EPAL hz  - 80x120x10;08;Logistik;36;Palletten;08-36-296;1;30.00;6.00;
297;Palletten EPAL hz  - 80x120x10;08;Logistik;36;Palletten;08-36-297;1;30.00;6.00;
298;Palletten EPAL hz  - 80x120x10;08;Logistik;36;Palletten;08-36-298;1;30.00;6.00;
299;Palletten EPAL hz  - 80x120x10;08;Logistik;36;Palletten;08-36-299;10;30.00;6.00;
300;Palletten EPAL hz  - 80x120x10;08;Logistik;36;Palletten;08-36-300;4;30.00;6.00;
301;Palletten EPAL hz  - 80x120x10;08;Logistik;36;Palletten;08-36-301;1;30.00;6.00;
302;Palletten EPAL hz  - 80x120x10;08;Logistik;36;Palletten;08-36-302;3;30.00;6.00;
303;Palletten EPAL hz  - 80x120x10;08;Logistik;36;Palletten;08-36-303;1;30.00;6.00;
304;Palletten Rahmen hz;08;Logistik;36;Palletten;08-36-304;1;60.00;12.00;
305;Palletten Rahmen hz;08;Logistik;36;Palletten;08-36-305;11;60.00;12.00;
306;Palletten Rahmen hz;08;Logistik;36;Palletten;08-36-306;1;60.00;12.00;
307;Palletten Rahmen hz;08;Logistik;36;Palletten;08-36-307;1;60.00;12.00;
308;Palletten Rahmen hz;08;Logistik;36;Palletten;08-36-308;5;60.00;12.00;
309;Palletten Rahmen hz;08;Logistik;36;Palletten;08-36-309;2;60.00;12.00;
310;Palletten Rahmen hz;08;Logistik;36;Palletten;08-36-310;3;60.00;12.00;
311;Palletten Rahmen hz;08;Logistik;36;Palletten;08-36-311;2;60.00;12.00;
312;Palletten Sarg gross hz  - 80x240;08;Logistik;36;Palletten;08-36-312;1;100.00;10.00;
313;Palletten Sarg klein hz  - 160x120;08;Logistik;36;Palletten;08-36-313;1;100.00;10.00;
314;Rollcase 65x185x100 br;08;Logistik;38;Rollcase;08-38-314;1;400.00;40.00;
315;Abzweigdosen  827  - Diverse in Post Kiste;09;Verbrauchsmaterial;01;Abzweigdosen;09-01-315;1;-;-;
316;Gummiverteiler CEE32 in/out sz;10;Verteiler;10;Gummiverteiler;10-10-316;1;400.00;40.00;
317;Gummiverteiler CEE32 sz;10;Verteiler;10;Gummiverteiler;10-10-317;1;400.00;40.00;
318;Gummiverteiler CEE32 sz;10;Verteiler;10;Gummiverteiler;10-10-318;5;400.00;40.00;
319;Gummiverteiler CEE63 in/out CEE32 sz;10;Verteiler;10;Gummiverteiler;10-10-319;1;600.00;60.00;
320;Gummiverteiler CEE63 sz;10;Verteiler;10;Gummiverteiler;10-10-320;12;-;-;
321;Kleinverteiler CEE16 in/CEE16,3xT23 out sz;10;Verteiler;17;Kleinverteiler;10-17-321;24;80.00;-;
322;Kleinverteiler CEE16 in/CEE16,3xT23 out sz;10;Verteiler;17;Kleinverteiler;10-17-322;1;80.00;-;
323;Kleinverteiler CEE16 in/out T13 6fach ws 15.0 m - Gd;10;Verteiler;17;Kleinverteiler;10-17-323;2;150.00;15.00;
324;Kleinverteiler CEE16 in/out T13 6fach ws 15.0 m - Gd;10;Verteiler;17;Kleinverteiler;10-17-324;1;150.00;15.00;
325;Kleinverteiler CEE16 sz 10.0 m;10;Verteiler;17;Kleinverteiler;10-17-325;1;200.00;20.00;
326;Mehrfachstecker T13 2fach ws;10;Verteiler;30;Mehrfachstecker;10-30-326;2;5.00;1.00;
327;Mehrfachstecker T13 3fach sz;10;Verteiler;30;Mehrfachstecker;10-30-327;9;5.00;1.00;
328;Mehrfachstecker T13 3fach sz;10;Verteiler;30;Mehrfachstecker;10-30-328;21;5.00;1.00;
329;Mehrfachstecker T13 3fach ws;10;Verteiler;30;Mehrfachstecker;10-30-329;21;5.00;1.00;
330;Mehrfachstecker T13 4fach ws;10;Verteiler;30;Mehrfachstecker;10-30-330;4;10.00;2.00;
331;Mehrfachstecker T15 827  - 2fach T15 ws;10;Verteiler;30;Mehrfachstecker;10-30-331;1;20.00;4.00;
332;Steckdosenleiste T13 11fach sz 5.0 m;10;Verteiler;44;Steckdosenleiste;10-44-332;1;150.00;15.00;
333;Steckdosenleiste T13 13fach or 20.0 m - PUR;10;Verteiler;44;Steckdosenleiste;10-44-333;1;300.00;30.00;
334;Steckdosenleiste T13 3fach sz 1.0 m;10;Verteiler;44;Steckdosenleiste;10-44-334;6;8.00;1.50;
335;Steckdosenleiste T13 3fach ws 1.0 m;10;Verteiler;44;Steckdosenleiste;10-44-335;2;8.00;1.50;
336;Steckdosenleiste T13 3fach ws 1.0 m;10;Verteiler;44;Steckdosenleiste;10-44-336;2;8.00;1.50;
337;Steckdosenleiste T13 3xSchuko ws 1.0 m;10;Verteiler;44;Steckdosenleiste;10-44-337;2;25.00;5.00;
338;Steckdosenleiste T13 4fach sz 1.0 m;10;Verteiler;44;Steckdosenleiste;10-44-338;6;9.00;1.80;
339;Steckdosenleiste T13 4fach sz 1.0 m;10;Verteiler;44;Steckdosenleiste;10-44-339;2;9.00;1.80;
340;Steckdosenleiste T13 4fach sz 1.0 m;10;Verteiler;44;Steckdosenleiste;10-44-340;3;9.00;1.80;
341;Steckdosenleiste T13 4fach ws 1.0 m;10;Verteiler;44;Steckdosenleiste;10-44-341;10;9.00;1.80;
342;Steckdosenleiste T13 5fach sz 1.0 m;10;Verteiler;44;Steckdosenleiste;10-44-342;3;10.00;4.00;
343;Steckdosenleiste T13 5fach sz 4.0 m;10;Verteiler;44;Steckdosenleiste;10-44-343;1;50.00;8.00;
344;Steckdosenleiste T13 5fach ws 1.0 m;10;Verteiler;44;Steckdosenleiste;10-44-344;1;10.00;4.00;
345;Steckdosenleiste T13 5fach ws 1.0 m;10;Verteiler;44;Steckdosenleiste;10-44-345;4;10.00;4.00;
346;Steckdosenleiste T13 5fach ws 1.0 m;10;Verteiler;44;Steckdosenleiste;10-44-346;1;10.00;4.00;
347;Steckdosenleiste T13 6fach gb 2.0 m;10;Verteiler;44;Steckdosenleiste;10-44-347;2;50.00;8.00;
348;Steckdosenleiste T13 6fach sz 1.0 m;10;Verteiler;44;Steckdosenleiste;10-44-348;1;50.00;8.00;
349;Steckdosenleiste T13 6fach sz 1.0 m;10;Verteiler;44;Steckdosenleiste;10-44-349;3;50.00;8.00;
350;Steckdosenleiste T13 6fach ws 1.0 m;10;Verteiler;44;Steckdosenleiste;10-44-350;1;10.00;4.00;
351;Steckdosenleiste T13 6fach ws 1.0 m;10;Verteiler;44;Steckdosenleiste;10-44-351;21;10.00;4.00;
352;Steckdosenleiste T13 7fach sz 1.0 m;10;Verteiler;44;Steckdosenleiste;10-44-352;3;20.00;5.00;
353;Steckdosenleiste T13 7fach ws 1.0 m;10;Verteiler;44;Steckdosenleiste;10-44-353;1;20.00;5.00;
354;Steckdosenleiste T13 8fach ws 1.0 m;10;Verteiler;44;Steckdosenleiste;10-44-354;3;20.00;5.00;
355;Steckdosenleiste T13 9fach sz 1.0 m;10;Verteiler;44;Steckdosenleiste;10-44-355;1;20.00;5.00;
356;Steckdosenleiste T13 9fach sz 12.0 m;10;Verteiler;44;Steckdosenleiste;10-44-356;1;80.00;9.00;
357;Arbeitsschutz  gb  - Pamir;11;Werkzeug;;Arbeitsschutz;11--357;1;-;-;
358;Handwerkzeug  827  - Abisolierzange;11;Werkzeug;13;Handwerkzeug;11-13-358;5;-;-;
359;Handwerkzeug  827  - Apparate-Seitenschneider;11;Werkzeug;13;Handwerkzeug;11-13-359;1;-;-;
360;Handwerkzeug  827  - Beil gross;11;Werkzeug;13;Handwerkzeug;11-13-360;3;-;-;
361;Handwerkzeug  827  - Beisszange;11;Werkzeug;13;Handwerkzeug;11-13-361;1;-;-;
362;Handwerkzeug  827  - Bit-Schraubenzieher;11;Werkzeug;13;Handwerkzeug;11-13-362;1;-;-;
363;Handwerkzeug  827  - Bostitch;11;Werkzeug;13;Handwerkzeug;11-13-363;1;-;-;
364;Handwerkzeug  827  - Crimpzange;11;Werkzeug;13;Handwerkzeug;11-13-364;1;-;-;
365;Handwerkzeug  827  - Cutter;11;Werkzeug;13;Handwerkzeug;11-13-365;1;-;-;
366;Handwerkzeug  827  - Doppelhieb-Feile;11;Werkzeug;13;Handwerkzeug;11-13-366;1;-;-;
367;Handwerkzeug  827  - Doppelspitz-Hammer;11;Werkzeug;13;Handwerkzeug;11-13-367;1;-;-;
368;Handwerkzeug  827  - Feinwerkzeug Ahle;11;Werkzeug;13;Handwerkzeug;11-13-368;1;-;-;
369;Handwerkzeug  827  - Feinwerkzeug Kreuz;11;Werkzeug;13;Handwerkzeug;11-13-369;1;-;-;
370;Handwerkzeug  827  - Feinwerkzeug Schlitz;11;Werkzeug;13;Handwerkzeug;11-13-370;1;-;-;
371;Handwerkzeug  827  - Flachmeissel;11;Werkzeug;13;Handwerkzeug;11-13-371;1;-;-;
372;Handwerkzeug  827  - Fuchsschwanz-Säge;11;Werkzeug;13;Handwerkzeug;11-13-372;1;-;-;
373;Handwerkzeug  827  - Fäustel 1kg;11;Werkzeug;13;Handwerkzeug;11-13-373;1;-;-;
374;Handwerkzeug  827  - Gabelschlüssel Set;11;Werkzeug;13;Handwerkzeug;11-13-374;1;-;-;
375;Handwerkzeug  827  - Gips-Säge;11;Werkzeug;13;Handwerkzeug;11-13-375;1;-;-;
376;Handwerkzeug  827  - Glasritzer;11;Werkzeug;13;Handwerkzeug;11-13-376;1;-;-;
377;Handwerkzeug  827  - Handsäge 45°;11;Werkzeug;13;Handwerkzeug;11-13-377;1;-;-;
378;Handwerkzeug  827  - Holz-Säge gross;11;Werkzeug;13;Handwerkzeug;11-13-378;2;-;-;
379;Handwerkzeug  827  - Kabelmesser;11;Werkzeug;13;Handwerkzeug;11-13-379;2;-;-;
380;Handwerkzeug  827  - Kettensägen-Schlüssel gross;11;Werkzeug;13;Handwerkzeug;11-13-380;2;-;-;
381;Handwerkzeug  827  - Kettensägen-Schlüssel klein;11;Werkzeug;13;Handwerkzeug;11-13-381;1;-;-;
382;Handwerkzeug  827  - Klemmzange;11;Werkzeug;13;Handwerkzeug;11-13-382;1;-;-;
383;Handwerkzeug  827  - Kombizange;11;Werkzeug;13;Handwerkzeug;11-13-383;3;-;-;
384;Handwerkzeug  827  - Kurzhals-Schraubenzieher Kreuz;11;Werkzeug;13;Handwerkzeug;11-13-384;1;-;-;
385;Handwerkzeug  827  - Kurzhals-Schraubenzieher Schlitz;11;Werkzeug;13;Handwerkzeug;11-13-385;1;-;-;
386;Handwerkzeug  827  - Lochzange;11;Werkzeug;13;Handwerkzeug;11-13-386;2;-;-;
387;Handwerkzeug  827  - Metall-Säge Ersatzbätter;11;Werkzeug;13;Handwerkzeug;11-13-387;1;-;-;
388;Handwerkzeug  827  - Metall-Säge gross;11;Werkzeug;13;Handwerkzeug;11-13-388;2;-;-;
389;Handwerkzeug  827  - Metall-Säge klein;11;Werkzeug;13;Handwerkzeug;11-13-389;1;-;-;
390;Handwerkzeug  827  - Panzerrohrschneider;11;Werkzeug;13;Handwerkzeug;11-13-390;1;-;-;
391;Handwerkzeug  827  - Phasenprüfer;11;Werkzeug;13;Handwerkzeug;11-13-391;2;-;-;
392;Handwerkzeug  827  - Pinzette;11;Werkzeug;13;Handwerkzeug;11-13-392;1;-;-;
393;Handwerkzeug  827  - Ringgabelschlüssel 13er;11;Werkzeug;13;Handwerkzeug;11-13-393;1;-;-;
394;Handwerkzeug  827  - Ringgabelschlüssel 14er;11;Werkzeug;13;Handwerkzeug;11-13-394;1;-;-;
395;Handwerkzeug  827  - Rollgabelschlüsse- "Engländer" 8 Zoll;11;Werkzeug;13;Handwerkzeug;11-13-395;2;-;-;
396;Handwerkzeug  827  - Rollgabelschlüssel "Engländer" 10 Zoll;11;Werkzeug;13;Handwerkzeug;11-13-396;1;-;-;
397;Handwerkzeug  827  - Rundspitzzange;11;Werkzeug;13;Handwerkzeug;11-13-397;1;-;-;
398;Handwerkzeug  827  - Sackmesser;11;Werkzeug;13;Handwerkzeug;11-13-398;1;-;-;
399;Handwerkzeug  827  - Schlosser-Hammer 200g;11;Werkzeug;13;Handwerkzeug;11-13-399;2;-;-;
400;Handwerkzeug  827  - Schlosser-Hammer 300g;11;Werkzeug;13;Handwerkzeug;11-13-400;3;-;-;
401;Handwerkzeug  827  - Schlosser-Hammer 400g;11;Werkzeug;13;Handwerkzeug;11-13-401;1;-;-;
402;Handwerkzeug  827  - Schlosser-Hammer 500g;11;Werkzeug;13;Handwerkzeug;11-13-402;2;-;-;
403;Handwerkzeug  827  - Schlosser-Hammer 50g;11;Werkzeug;13;Handwerkzeug;11-13-403;1;-;-;
404;Handwerkzeug  827  - Schraubenzieher Kreuz 1er;11;Werkzeug;13;Handwerkzeug;11-13-404;1;-;-;
405;Handwerkzeug  827  - Schraubenzieher Kreuz 2er;11;Werkzeug;13;Handwerkzeug;11-13-405;2;-;-;
406;Handwerkzeug  827  - Schraubenzieher Kreuz 3er;11;Werkzeug;13;Handwerkzeug;11-13-406;2;-;-;
407;Handwerkzeug  827  - Schraubenzieher Kreuz 4er;11;Werkzeug;13;Handwerkzeug;11-13-407;2;-;-;
408;Handwerkzeug  827  - Schraubenzieher Schlitz 0er;11;Werkzeug;13;Handwerkzeug;11-13-408;2;-;-;
409;Handwerkzeug  827  - Schraubenzieher Schlitz 1er;11;Werkzeug;13;Handwerkzeug;11-13-409;14;-;-;
410;Handwerkzeug  827  - Schraubenzieher Schlitz 2er;11;Werkzeug;13;Handwerkzeug;11-13-410;6;-;-;
411;Handwerkzeug  827  - Schraubenzieher Schlitz 3er;11;Werkzeug;13;Handwerkzeug;11-13-411;8;-;-;
412;Handwerkzeug  827  - Schraubenzieher Schlitz 4er;11;Werkzeug;13;Handwerkzeug;11-13-412;10;-;-;
413;Handwerkzeug  827  - Schraubenzieher Schlitz 5er;11;Werkzeug;13;Handwerkzeug;11-13-413;3;-;-;
414;Handwerkzeug  827  - Schraubenzieher Torx 15er;11;Werkzeug;13;Handwerkzeug;11-13-414;2;-;-;
415;Handwerkzeug  827  - Schraubenzieher Torx 20er;11;Werkzeug;13;Handwerkzeug;11-13-415;2;-;-;
416;Handwerkzeug  827  - Schraubenzieher Torx 25er;11;Werkzeug;13;Handwerkzeug;11-13-416;1;-;-;
417;Handwerkzeug  827  - Seitenschneider;11;Werkzeug;13;Handwerkzeug;11-13-417;6;-;-;
418;Handwerkzeug  827  - Spitzzange;11;Werkzeug;13;Handwerkzeug;11-13-418;3;-;-;
419;Handwerkzeug  827  - Spitzzange gekropft;11;Werkzeug;13;Handwerkzeug;11-13-419;1;-;-;
420;Handwerkzeug  827  - Stechbeitel breit;11;Werkzeug;13;Handwerkzeug;11-13-420;1;-;-;
421;Handwerkzeug  827  - Stechbeitel schmal;11;Werkzeug;13;Handwerkzeug;11-13-421;2;-;-;
422;Handwerkzeug  827  - Wasserpumpenzange;11;Werkzeug;13;Handwerkzeug;11-13-422;3;-;-;
423;Handwerkzeug  827  - Wasserwaage gross;11;Werkzeug;13;Handwerkzeug;11-13-423;1;-;-;
424;Handwerkzeug  827  - Wasserwaage klein;11;Werkzeug;13;Handwerkzeug;11-13-424;2;-;-;
425;Handwerkzeug  827  - Winkel 90°;11;Werkzeug;13;Handwerkzeug;11-13-425;2;-;-;
426;Handwerkzeug  bl  - Schraubenkiste;11;Werkzeug;13;Handwerkzeug;11-13-426;1;-;-;
427;Handwerkzeug  gb  - Schraubenkiste;11;Werkzeug;13;Handwerkzeug;11-13-427;1;-;-;
428;Handwerkzeug  mt  - Silikon-Pistole;11;Werkzeug;13;Handwerkzeug;11-13-428;1;-;-;
429;Handwerkzeug  sz  - Gummihammer weich;11;Werkzeug;13;Handwerkzeug;11-13-429;2;-;-;
430;Handwerkzeug  sz  - Popnieten-Zange;11;Werkzeug;13;Handwerkzeug;11-13-430;1;-;-;
431;Messgeräte  827  - Flucke T5;11;Werkzeug;31;Messgeräte;11-31-431;1;-;-;
432;Messgeräte  827  - Prüfstecker 230V;11;Werkzeug;31;Messgeräte;11-31-432;1;-;-;
433;Messgeräte  827  - Unilap;11;Werkzeug;31;Messgeräte;11-31-433;1;-;-;
434;Stromwerkzeuge  827  - Elektrotucker Bosch;11;Werkzeug;47;Stromwerkzeuge;11-47-434;1;-;-;
435;Stromwerkzeuge  827  - Kreissäge 45°;11;Werkzeug;47;Stromwerkzeuge;11-47-435;1;-;-;
436;Stromwerkzeuge  827  - Schwingschleifer;11;Werkzeug;47;Stromwerkzeuge;11-47-436;1;-;-;
437;Stromwerkzeuge  827  - Standbohrmaschine;11;Werkzeug;47;Stromwerkzeuge;11-47-437;1;-;-;
438;Stromwerkzeuge  gn  - Fein Bosch;11;Werkzeug;47;Stromwerkzeuge;11-47-438;1;-;-;
439;Stromwerkzeuge  rt  - Stichsäge Bosch;11;Werkzeug;47;Stromwerkzeuge;11-47-439;1;-;-;
440;Stromwerkzeuge  sz  - Lötkoffer;11;Werkzeug;47;Stromwerkzeuge;11-47-440;1;-;-;